https://kb.diffeo.com/Rick_Hansen|rick hansen,richard hansen
https://kb.diffeo.com/Jean_Luc_Bilodeau|jean-luc bilodeau
https://kb.diffeo.com/Randy_Dorn|randy dorn
https://kb.diffeo.com/Maelle_Ricker|maelle ricker
https://kb.diffeo.com/Rose_Egge|rose egge
https://kb.diffeo.com/Theresa_Spence|theresa spence
https://kb.diffeo.com/Peter_Goldmark|peter goldmark,peter j. goldmark
https://kb.diffeo.com/Karen_Pohl|karen pohl
https://kb.diffeo.com/Katzie_First_Nation|katzie first nation
https://kb.diffeo.com/Jeff_Mangum|jeff mangum
https://kb.diffeo.com/William_Azaroff|william azaroff
https://kb.diffeo.com/Carmela_Dellino|carmela dellino
https://kb.diffeo.com/Andy_Billig|andy billig
https://kb.diffeo.com/Chris_Boyd|chris boyd
https://kb.diffeo.com/Nordic_Heritage_Museum|nordic heritage museum
https://kb.diffeo.com/Paul_Watson|paul watson
https://kb.diffeo.com/Damien_Jurado|damien jurado
https://kb.diffeo.com/IslandWood|islandwood
https://kb.diffeo.com/Doug_Race|doug race
https://kb.diffeo.com/Dan_Satterberg|dan satterberg,daniel t. satterberg,daniel satterberg
https://kb.diffeo.com/Nez_Perse|nez perce,nez perce tribe
https://kb.diffeo.com/_3NIbfDpEdTwZ|shelli park
https://kb.diffeo.com/Lizette_Graden|lizette graden
https://kb.diffeo.com/Brock_Schuh|brock schuh
https://kb.diffeo.com/Genaveve_Starr|genaveve starr
https://kb.diffeo.com/Aaron_Yeung|aaron yeung
https://kb.diffeo.com/Dow_Constantine|dow constantine
https://kb.diffeo.com/Nathaniel_Jones|nathaniel jones
https://kb.diffeo.com/Ralph_Dannenberg|ralph dannenberg
https://kb.diffeo.com/Tulalip|tulalip
https://kb.diffeo.com/Kshama_Sawant|kshama sawant
https://kb.diffeo.com/Andy_Clausen|andy clausen
https://kb.diffeo.com/Snohomish_High_School|snohomish high school
https://kb.diffeo.com/Tsawwassen_First_Nation|tsawwassen first nation,tfn
https://kb.diffeo.com/Muckleshoot_Indian_Tribe|muckleshoot indian tribe
https://kb.diffeo.com/Elmer_Derrick|elmer derrick
https://kb.diffeo.com/Semiahmoo_First_Nation|semiahmoo first nation,semiahmoo people,semiahmoo first nation
https://kb.diffeo.com/Patricia_Heintzman|patricia heintzman
https://kb.diffeo.com/Ted_Sturdevant|ted sturdevant
https://kb.diffeo.com/Candace_Pratt|candace pratt
https://kb.diffeo.com/Spokane_Tribe|spokane tribe,spokane tribe of indians,spokanes
https://kb.diffeo.com/Corisa_Bell|corisa bell
https://kb.diffeo.com/Missing_Women_Commission_of_Inquiry|missing women commission of inquiry,missing women inquiry,oppal inquiry
https://kb.diffeo.com/Kerry_Morris|kerry morris
https://kb.diffeo.com/Chad_Kroeger|chad  kroeger,chad robert kroeger
https://kb.diffeo.com/Georgie_Bright_Kunkel|georgie bright kunkel,myrtia george ardelle bright
https://kb.diffeo.com/Ron_Sander|ron sander
https://kb.diffeo.com/Spokane_Convention_Center|spokane convention center
https://kb.diffeo.com/Jacob_Hoggard|jacob  hoggard,jacob william hoggard
https://kb.diffeo.com/Jamie_Lawson|jamie lawson
https://kb.diffeo.com/Matheson_Farms|matheson_farms,matheson farms and sustainable living education center
https://kb.diffeo.com/Jesse_Sykes|jesse sykes
https://kb.diffeo.com/James_Windle|james windle
https://kb.diffeo.com/Mike_Kluse|mike kluse
https://kb.diffeo.com/Lisa_McCullough|lisa mccullough
https://kb.diffeo.com/Joby_Shimomura|joby shimomura
https://kb.diffeo.com/Kendra_Obom|kendra obom
https://kb.diffeo.com/Shelley_Redinger|shelley redinger
https://kb.diffeo.com/Jessie_Kaech|jessie kaech
https://kb.diffeo.com/Allison_Campbell|allison campbell
https://kb.diffeo.com/BNSF_Railway|bnsf railway,bnsf,burlington northern santa fe,bnsf railway co.,burlington northern santa fe railway co.,burlington northern santa fe railway
https://kb.diffeo.com/Jonathan_Meline|jonathan meline
https://kb.diffeo.com/Rashid_Sumaila|rashid sumaila,ussif rashid sumaila,rashid sumaila
https://kb.diffeo.com/Robyn_Gervais|robyn gervais,robyn dean gervais
https://kb.diffeo.com/_Bill_Templeton|bill templeton
https://kb.diffeo.com/Women_Winemakers|women winemakers
https://kb.diffeo.com/Nancy_Wilhelm_Morden|nancy wilhelm-morden,nancy wilhelm-mordon,nancy wilhelm-mordo,nancy wilhelm-morde
https://kb.diffeo.com/King_Cat_Theater|king cat theater,king cat
https://kb.diffeo.com/Philippe_Cury|philippe cury,dr. philippe cury
https://kb.diffeo.com/Lisa_Brown|lisa brown
https://kb.diffeo.com/Josh_Vander_Vies|josh vander vies
https://kb.diffeo.com/Brodie_Clowes|brodie clowes
https://kb.diffeo.com/Stephen_Buxbaum|stephen buxbaum
https://kb.diffeo.com/Jim_Busey|jim busey
https://kb.diffeo.com/Karen_Guzak|karen guzak
https://kb.diffeo.com/Susan_Chapelle|susan chapelle,susan chapelle
https://kb.diffeo.com/Shawn_Atleo|shawn atleo,shawn a-in-chut atleo
https://kb.diffeo.com/Bryce_Leavitt|bryce leavitt
https://kb.diffeo.com/Leona_Aglukkaq|leona aglukkaq
https://kb.diffeo.com/Cameron_Ward|cameron ward
https://kb.diffeo.com/First_Nations_Summit|first nations summit,b.c. first nations
https://kb.diffeo.com/Lisa_Muri|lisa muri
https://kb.diffeo.com/Michael_K_Young|michael k. young,michael young
https://kb.diffeo.com/Mark_Lindquist|mark lindquist
https://kb.diffeo.com/Paul_Brandt|paul brandt,paul rennée belobersycky
https://kb.diffeo.com/Mason_Wilgosh|mason wilgosh,willie
https://kb.diffeo.com/Jud_Virden|jud virden
https://kb.diffeo.com/Nolan_Watson|nolan watson
https://kb.diffeo.com/Marty_McLaren|marty mclaren,martha mclaren
https://kb.diffeo.com/A._J._Rathbun|a. j. rathbun
https://kb.diffeo.com/Val_Tollefson|val tollefson
https://kb.diffeo.com/Captain_Wiggette|captain wiggette
https://kb.diffeo.com/J._Tillman|j._tillman,j tillman,joshua tillman,father john misty,john misty,josh tillman
https://kb.diffeo.com/Bryan_Raiser|bryan raiser
https://kb.diffeo.com/matt_manweller|matt manweller
https://kb.diffeo.com/Spokane_County_Raceway|spokane county raceway,spokane county raceway track,scr oval track,spokane county raceway park,spokane county raceway complex,spokane raceway super oval,spokane county raceway complex
https://kb.diffeo.com/Tsleil-Waututh_First_Nation|tsleil-waututh first nation,tsleil-waututh nation,tsleil-waututh,tsleil,tsleil - waututh,tsleil- waututh,tsleil -waututh
https://kb.diffeo.com/Shelli_Park|shelli park
https://kb.diffeo.com/Ian_Kent|ian kent
https://kb.diffeo.com/Rob_Kirkham|rob kirkham
https://kb.diffeo.com/Sun_Villa_Lanes|sun villa lanes
https://kb.diffeo.com/Lake_Sammamish_Elks_Lodge|lake sammamish elks lodge
https://kb.diffeo.com/Phil_Wandscher|phil wandscher
https://kb.diffeo.com/Abbotsford_Arts_Centre|abbotsford arts centre
https://kb.diffeo.com/Anne_Blair|anne blair
https://kb.diffeo.com/_Dave_Rosin|dave rosin
https://kb.diffeo.com/Ted_Prior|ted prior
https://kb.diffeo.com/_Nicholas_Tse|nicholas tse,tse ting-fung,謝霆鋒
https://kb.diffeo.com/Kalispel_Tribe|kalispel tribe,kalispel tribe of indians
